{"val_ssim":0.5929563959211688,"experiment":"cnn0_wiener","amplitud":0.5,"hfx_ssim":0.6897895748532882,"train_psnr":11.327935293163312,"_wandb":{"runtime":206},"hx_psnr":27.50451833361288,"hfx_psnr":13.222266489474068,"epoch":1,"hfx_mse":0.04761824011802673,"val_mse":0.05770702660083771,"val_psnr":12.465369795111435,"_timestamp":1.7500057053974245e+09,"val_loss":0.0575883574783802,"hx_ssim":0.897660104808535,"_step":8,"hx_mse":0.0017764302901923656,"train_mse":0.07729180157184601,"train_ssim":0.5725599417230575,"_runtime":192.2300929,"train_loss":0.08594990362014089}