{"val_ssim":0.7965397691143573,"train_psnr":25.298507714596433,"val_mse":0.007774339523166418,"hfx_psnr":25.975002712392687,"hfx_mse":0.0025263859424740076,"hfx_ssim":0.9072772083888205,"train_loss":0.004559193205620561,"_timestamp":1.7497783780253882e+09,"hx_mse":0.0017764302901923656,"epoch":14,"_wandb":{"runtime":520},"train_mse":0.003021856304258108,"_step":13,"train_ssim":0.8586308775161007,"hx_ssim":0.897660104808535,"amplitud":0.5,"hx_psnr":27.50451833361288,"val_psnr":21.257667357154443,"_runtime":511.2837428,"val_loss":0.007697359503557284}