{"amplitud":2,"val_mse":0.00517419892893962,"val_ssim":0.7026752617272333,"val_psnr":27.57377410999572,"_timestamp":1.7496896932558796e+09,"_runtime":3.1912117,"_wandb":{"runtime":3},"_step":0}