{"experiment":"cnn0_unet_wiener","train_psnr":9.861976634545178,"epoch":2,"val_psnr":11.627488601658191,"train_loss":0.12409050017595291,"train_mse":0.10954059660434723,"_wandb":{"runtime":513},"hx_ssim":0.897660104808535,"val_ssim":0.5414219128337504,"_runtime":513.128266,"_step":23,"train_ssim":0.4938341627238904,"hx_psnr":27.50451833361288,"hx_mse":0.0017764302901923656,"_timestamp":1.750006253166019e+09,"hfx_ssim":0.6347611085579935,"val_mse":0.06903870403766632,"hfx_mse":0.07924067229032516,"val_loss":0.07149102538824081,"hfx_psnr":11.010517910725566,"amplitud":0.5}