{"_wandb":{"runtime":3},"val_ssim":0.8172968276522186,"val_psnr":29.27673386359861,"_timestamp":1.7496896851057472e+09,"_runtime":3.9119232,"_step":0,"amplitud":0.5,"val_mse":0.0029634789289130947}