{"hx_psnr":27.50451833361288,"val_loss":0.003370896680280566,"train_mse":0.007252528797835112,"hfx_psnr":24.527025595057918,"val_mse":0.0032377205789089203,"_runtime":72.2316337,"val_psnr":25.09439124830914,"train_loss":0.00902619053210531,"amplitud":0.5,"hx_ssim":0.897660104808535,"hfx_ssim":0.8409006934491445,"val_ssim":0.8255495457918839,"hfx_mse":0.0035261225420981646,"hx_mse":0.0017764302901923656,"train_psnr":21.845985685810707,"_step":2,"_wandb":{"runtime":72},"train_ssim":0.8187844424242433,"_timestamp":1.749744843312845e+09,"epoch":3}