{"hx_psnr":22.37093584931376,"_wandb":{"runtime":1084},"_step":49,"hx_ssim":0.7615722571131014,"val_mse":0.016140392050147057,"val_ssim":0.7047997060418608,"_runtime":1084.0811697,"train_mse":0.011332914233207703,"hfx_psnr":23.750654942356746,"_timestamp":1.749750762703226e+09,"epoch":50,"train_loss":0.006627790629863739,"hfx_mse":0.004216329660266638,"val_loss":0.019103674838940304,"amplitud":2,"train_ssim":0.7597162015279786,"train_psnr":19.70154993697259,"val_psnr":18.04780605409181,"hx_mse":0.005793038755655289,"hfx_ssim":0.8007519415723419}