{"_timestamp":1.7497697462882912e+09,"hx_mse":0.00288256723433733,"hfx_mse":0.0020626334007829428,"hfx_psnr":26.855779471826082,"val_loss":0.009010025455305973,"hfx_ssim":0.8639729381127174,"val_ssim":0.8169120377109698,"val_mse":0.00774383544921875,"epoch":50,"val_psnr":21.296515887300163,"train_mse":0.00501153664663434,"_runtime":1054.006011,"amplitud":1,"train_loss":0.002325436200148293,"train_psnr":23.20461531984631,"hx_psnr":25.402205525249148,"train_ssim":0.8640163061284412,"_step":49,"_wandb":{"runtime":1054},"hx_ssim":0.8252783930324881}