{"epoch":50,"train_psnr":18.475857278059664,"train_ssim":0.6926002692241784,"val_psnr":16.3857548645771,"_timestamp":1.7497740600904832e+09,"_runtime":1052.2243812,"_step":49,"hx_mse":0.005793038755655289,"hfx_ssim":0.8169306569598157,"hfx_psnr":24.015195943306512,"val_mse":0.023716295138001442,"amplitud":2,"hfx_mse":0.0039671664126217365,"train_loss":0.0062793148016291,"hx_ssim":0.7615722571131014,"hx_psnr":22.37093584931376,"_wandb":{"runtime":1052},"val_loss":0.02612185540298621,"train_mse":0.014825691469013691,"val_ssim":0.595262714831644}