{"epoch":97,"_runtime":2087.1830609,"hfx_psnr":34.109659590687045,"val_loss":0.019819137329856556,"val_psnr":17.468901177836983,"hx_psnr":27.50451833361288,"train_ssim":0.5720804164892856,"hfx_mse":0.00038818083703517914,"train_mse":0.011907239444553852,"train_loss":0.005752726890412825,"_timestamp":1.7498402458541114e+09,"hfx_ssim":0.9906504975595842,"hx_ssim":0.897660104808535,"amplitud":0.5,"_wandb":{"runtime":2106},"val_mse":0.019133901223540306,"_step":96,"hx_mse":0.0017764302901923656,"val_ssim":0.46878775840647585,"train_psnr":19.467689221209945}