{"_step":0,"amplitud":3,"_wandb":{"runtime":3},"val_mse":0.0066411417521251665,"val_ssim":0.6662408284690219,"val_psnr":26.807904544347252,"_timestamp":1.7496895131761456e+09,"_runtime":3.2771381}