{"train_mse":0.04689865931868553,"epoch":2,"train_psnr":13.750225160541522,"_wandb":{"runtime":56},"train_loss":0.05192032749099391,"_timestamp":1.7497708338473938e+09,"hx_ssim":0.744772456698487,"hfx_mse":0.014820648357272148,"val_ssim":0.7514491301856533,"amplitud":3,"_step":1,"val_loss":0.011541704957683882,"hx_psnr":20.874067878493978,"hx_mse":0.008176984265446663,"hfx_ssim":0.7032471065145429,"val_mse":0.01178482174873352,"hfx_psnr":18.29132821102994,"_runtime":42.375644199999996,"train_ssim":0.698882410406025,"val_psnr":19.420639195644494}