{"train_psnr":9.955705536738686,"train_loss":0.10365953189986092,"_wandb":{"runtime":49},"hfx_mse":0.09018685668706894,"amplitud":0.5,"val_psnr":10.048631624587568,"train_ssim":0.48137494178844015,"val_loss":0.1001184731721878,"hfx_ssim":0.5792114969530785,"_runtime":37.4892639,"_timestamp":1.74977852851673e+09,"val_ssim":0.42300509089599947,"epoch":1,"hx_ssim":0.897660104808535,"hfx_psnr":10.448567887184963,"train_mse":0.10281989723443985,"val_mse":0.09935200959444046,"hx_psnr":27.50451833361288,"hx_mse":0.0017764302901923656,"_step":0}