{"train_psnr":23.49148848405448,"val_psnr":20.724899448448713,"_timestamp":1.7497719364444618e+09,"val_loss":0.009695464434723059,"train_loss":0.001261609431821853,"hx_psnr":27.50451833361288,"amplitud":0.5,"hfx_ssim":0.9601525925467651,"val_ssim":0.7596540884611783,"train_mse":0.004681025166064501,"_runtime":1048.1701447,"hx_mse":0.0017764302901923656,"hfx_mse":0.0005442769615910947,"hx_ssim":0.897660104808535,"_step":49,"_wandb":{"runtime":1048},"epoch":50,"val_mse":0.008830392733216286,"train_ssim":0.8426060096807448,"hfx_psnr":32.64180041991751}