{"_step":49,"train_psnr":19.959936558613872,"train_mse":0.010625680908560753,"val_ssim":0.7202226730010683,"amplitud":2,"val_loss":0.016044065666695435,"hx_mse":0.005793038755655289,"hx_psnr":22.37093584931376,"val_psnr":18.581926282230544,"hfx_ssim":0.8018365173744051,"_runtime":1042.0611796,"train_loss":0.00623634407695915,"epoch":50,"_wandb":{"runtime":1042},"hfx_psnr":23.57222012315419,"val_mse":0.014264938421547413,"hx_ssim":0.7615722571131014,"hfx_mse":0.004393169190734625,"train_ssim":0.7847148550878948,"_timestamp":1.7497707900551968e+09}