{"_wandb":{"runtime":737},"_runtime":727.1596068,"train_loss":0.0038961818042610374,"hfx_psnr":24.461298098016044,"_timestamp":1.7497778340115159e+09,"hfx_mse":0.0035798947792500257,"amplitud":0.5,"val_loss":0.009292457873622576,"train_psnr":25.270944700604353,"hx_ssim":0.897660104808535,"val_ssim":0.7800663874285116,"val_psnr":20.606608408068478,"val_mse":0.00901197362691164,"_step":19,"train_mse":0.003189696231856942,"epoch":20,"hx_mse":0.0017764302901923656,"train_ssim":0.8867800982491535,"hx_psnr":27.50451833361288,"hfx_ssim":0.9128865904190366}