{"hx_psnr":22.37093584931376,"_wandb":{"runtime":1064},"hx_mse":0.005793038755655289,"epoch":50,"hx_ssim":0.7615722571131014,"hfx_ssim":0.8142931931992635,"val_psnr":17.88454871062865,"hfx_mse":0.003941222559660673,"val_loss":0.01873677968978882,"train_mse":0.01390528678894043,"train_psnr":18.76388286729112,"val_mse":0.017007887363433838,"_step":49,"val_ssim":0.6812318310148301,"_runtime":1063.9231617,"amplitud":2,"hfx_psnr":24.043690349922684,"train_loss":0.006406687732253756,"train_ssim":0.7330973788162509,"_timestamp":1.749782837174666e+09}