{"_timestamp":1.7500052088084664e+09,"val_psnr":11.761375941543863,"hx_mse":0.00288256723433733,"_wandb":{"runtime":28},"hfx_ssim":0.6456972845973981,"amplitud":1,"hx_psnr":25.402205525249148,"experiment":"unet_x","epoch":1,"hfx_mse":0.05688895657658577,"val_loss":0.06758219500382741,"val_ssim":0.5556214818530364,"hx_ssim":0.8252783930324881,"_step":0,"hfx_psnr":12.449719516641558,"train_mse":0.08482944220304489,"_runtime":22.789543,"train_loss":0.09556101262569427,"val_mse":0.06762105226516724,"train_ssim":0.5523857579329129,"train_psnr":10.816967029165903}