{"train_psnr":21.023644757350592,"hx_psnr":27.50451833361288,"_timestamp":1.7497852164830835e+09,"amplitud":0.5,"train_ssim":0.7151373672846971,"train_mse":0.008302291855216026,"val_loss":0.012334658453861872,"val_mse":0.011698263697326183,"train_loss":0.008594630219574486,"_wandb":{"runtime":1063},"hfx_mse":0.0006927121430635452,"hfx_ssim":0.9827223921808784,"_step":49,"hx_mse":0.0017764302901923656,"epoch":50,"val_ssim":0.6474092324513022,"_runtime":1063.0306203,"val_psnr":19.595393204572595,"hfx_psnr":31.594471702386553,"hx_ssim":0.897660104808535}