{"val_psnr":18.149904235479884,"_step":79,"_timestamp":1.7498419891770954e+09,"train_loss":0.0037330186127551962,"train_mse":0.011436189524829388,"hfx_psnr":34.17061650520226,"_runtime":1702.6695457,"hx_mse":0.0017764302901923656,"val_loss":0.017043037650485832,"hfx_ssim":0.9906660064517739,"_wandb":{"runtime":1714},"val_mse":0.016339721158146858,"amplitud":0.5,"hfx_mse":0.00038277043495327234,"hx_psnr":27.50451833361288,"hx_ssim":0.897660104808535,"val_ssim":0.5248198203306029,"epoch":80,"train_ssim":0.6049051843279337,"train_psnr":19.63369731670513}