{"hx_mse":0.0017764302901923656,"val_mse":0.01407033484429121,"train_psnr":24.83604525010899,"hx_ssim":0.897660104808535,"train_mse":0.003412314923480153,"val_psnr":18.730127893502225,"val_loss":0.014526427102585634,"hfx_ssim":0.8813321157580992,"hfx_mse":0.0024989380035549402,"_wandb":{"runtime":1039},"_runtime":1000.2208621,"val_ssim":0.678075852001269,"amplitud":0.5,"epoch":27,"_timestamp":1.7497795681115212e+09,"hfx_psnr":26.022445163930612,"train_ssim":0.8460296652447129,"_step":26,"hx_psnr":27.50451833361288,"train_loss":0.0026159046184537666}