{"val_ssim":0.8172968276522186,"val_psnr":29.27673386359861,"_timestamp":1.7496895011300943e+09,"_runtime":4.5428588,"_wandb":{"runtime":4},"_step":0,"amplitud":0.5,"val_mse":0.0029634789289130947}