{"_step":49,"val_psnr":22.97264517257158,"amplitud":0.5,"_timestamp":1.7498569898105798e+09,"_runtime":1046.9956771,"val_loss":0.005827585545678933,"train_loss":0.0008663692736133401,"hx_ssim":0.897660104808535,"epoch":50,"train_psnr":24.75121417356222,"hfx_mse":0.00042631427641026676,"val_mse":0.0053278305567801,"val_ssim":0.8300875119035096,"hx_psnr":27.50451833361288,"train_ssim":0.8875665135624301,"hfx_psnr":33.70270124482824,"train_mse":0.003521492937579751,"hx_mse":0.0017764302901923656,"hfx_ssim":0.9676898869386871,"_wandb":{"runtime":1047}}