{"hfx_psnr":22.770487699555485,"val_ssim":0.8725290335741122,"val_mse":0.0029807647224515676,"hfx_mse":0.005283860024064779,"train_ssim":0.8771798846777344,"_timestamp":1.7498381225853174e+09,"hfx_ssim":0.7969883566335918,"train_loss":0.02562816600714411,"hx_ssim":0.8252783930324881,"val_psnr":25.27489373244758,"_wandb":{"runtime":114},"val_loss":0.0030962773598730564,"_runtime":104.9316022,"hx_psnr":25.402205525249148,"train_psnr":24.84568863395466,"epoch":5,"hx_mse":0.00288256723433733,"amplitud":1,"train_mse":0.0037863992620259523,"_step":4}