{"hx_psnr":20.874067878493978,"val_mse":0.025344008579850197,"train_mse":0.018708711490035057,"_runtime":1072.8352672,"train_loss":0.009921545229320015,"amplitud":3,"_timestamp":1.749751846073091e+09,"hfx_psnr":21.860673175763694,"val_psnr":16.083869579404748,"hfx_ssim":0.7817650583092335,"val_ssim":0.6183464097898059,"hx_mse":0.008176984265446663,"hfx_mse":0.006515273824334145,"hx_ssim":0.744772456698487,"epoch":50,"train_ssim":0.6813510147363983,"_step":49,"_wandb":{"runtime":1073},"val_loss":0.02796974281469981,"train_psnr":17.415646538319205}