{"train_mse":0.004183819051831961,"hfx_mse":0.0008188060601241887,"val_loss":0.00793496829768022,"_runtime":1058.103721,"hfx_psnr":30.8681892929701,"val_ssim":0.8122593357779412,"val_psnr":21.569975052655266,"hx_mse":0.0017764302901923656,"_step":49,"val_mse":0.007427992764860392,"hx_ssim":0.897660104808535,"hfx_ssim":0.958503533588059,"hx_psnr":27.50451833361288,"train_loss":0.0013777188890214478,"train_psnr":24.026310082910722,"_wandb":{"runtime":1058},"epoch":50,"amplitud":0.5,"train_ssim":0.8748391629902142,"_timestamp":1.7497459288966396e+09}