{"epoch":2,"hfx_mse":0.017072852700948715,"val_mse":0.026764849200844765,"hx_ssim":0.897660104808535,"val_ssim":0.6515946594539267,"val_psnr":16.042319183945697,"train_mse":0.04537335783243179,"train_loss":0.0474961692733424,"_timestamp":1.7496899593195045e+09,"train_psnr":13.601624572605962,"hx_mse":0.0017764302901923656,"train_ssim":0.6776677351831042,"_runtime":42.5228391,"_wandb":{"runtime":43},"hfx_psnr":17.676938364879902,"_step":1,"hx_psnr":27.50451833361288,"hfx_ssim":0.7648234795567614,"amplitud":0.5,"val_loss":0.02625528785089652}