{"amplitud":0.5,"epoch":50,"train_loss":0.001407270086929202,"train_ssim":0.8760860418628275,"_runtime":1057.0289329,"train_mse":0.004156691953539848,"hfx_psnr":32.68563072075827,"train_psnr":24.03682374128916,"_step":49,"hx_ssim":0.897660104808535,"val_loss":0.007605617865920067,"hx_psnr":27.50451833361288,"_timestamp":1.7497486162370644e+09,"hfx_ssim":0.9686254191916617,"val_mse":0.007049898151308298,"val_psnr":21.75322708779086,"hx_mse":0.0017764302901923656,"val_ssim":0.7829659996871827,"hfx_mse":0.0005388114950619638,"_wandb":{"runtime":1057}}