{"_wandb":{"runtime":78},"hfx_ssim":0.0010871195000776712,"_runtime":73.7545661,"hx_ssim":0.897660104808535,"train_loss":0.3422356460775648,"val_loss":0.2940017680327098,"train_ssim":0.0020307864075795943,"train_psnr":4.88064261801546,"val_ssim":0.0020020710906491507,"val_psnr":5.771473820515745,"amplitud":0.5,"_timestamp":1.7497784764760184e+09,"hx_psnr":27.50451833361288,"epoch":2,"train_mse":0.3343783915042877,"val_mse":0.2800838053226471,"hfx_mse":0.38647738099098206,"hfx_psnr":4.128759054733556,"_step":1,"hx_mse":0.0017764302901923656}