{"train_ssim":0.8075319534760155,"train_psnr":21.345227022672848,"hfx_mse":0.007872197777032852,"train_mse":0.00785509217530489,"hx_psnr":9.646916340975043,"_runtime":92.9702428,"_wandb":{"runtime":109},"_step":3,"_timestamp":1.749836904776865e+09,"val_mse":0.005304004997014999,"amplitud":0.5,"hfx_psnr":21.039040260476398,"hx_mse":0.10846967995166779,"hfx_ssim":0.744433476544409,"val_ssim":0.850940481436889,"val_psnr":23.18215942993967,"epoch":4,"val_loss":0.21364539861679077,"hx_ssim":0.36367645481991007,"train_loss":0.23204665098871505}