{"hx_mse":0.0017764302901923656,"val_mse":0.005338476505130529,"val_psnr":22.94815431242758,"train_loss":0.001241114639144923,"amplitud":0.5,"_step":49,"_wandb":{"runtime":1059},"hfx_psnr":32.40670549409022,"val_ssim":0.8506163968265815,"val_loss":0.005870077448586623,"hx_psnr":27.50451833361288,"train_psnr":23.77369692695209,"train_mse":0.004616534803062677,"hx_ssim":0.897660104808535,"train_ssim":0.8710670040244131,"_runtime":1058.8100858,"epoch":50,"hfx_mse":0.0005745521048083901,"hfx_ssim":0.9597164378418016,"_timestamp":1.7498553084118717e+09}