{"hx_ssim":0.744772456698487,"amplitud":3,"val_psnr":15.45586454245849,"train_mse":0.021722421050071716,"_timestamp":1.7497839011645029e+09,"_runtime":1062.7444168,"train_loss":0.00907122962442892,"hx_mse":0.008176984265446663,"train_psnr":16.8024798975214,"val_mse":0.02955971658229828,"hfx_mse":0.005986394360661507,"train_ssim":0.6512555863599804,"_step":49,"epoch":50,"hfx_ssim":0.8125562688498158,"_wandb":{"runtime":1063},"hfx_psnr":22.228347293159175,"hx_psnr":20.874067878493978,"val_ssim":0.5784337849393165,"val_loss":0.03294050755600134}