{"val_psnr":22.728660440531524,"val_loss":0.006352356945474942,"hfx_ssim":0.8616509454281769,"hfx_mse":0.001973689766600728,"_wandb":{"runtime":1062},"hx_ssim":0.8252783930324881,"_step":49,"hfx_psnr":27.047211150487897,"_timestamp":1.749781771924319e+09,"train_ssim":0.8821793896697082,"train_loss":0.003095873531752399,"val_ssim":0.8482495649523242,"_runtime":1062.4172137,"train_psnr":23.981838390469736,"train_mse":0.004173395223915577,"val_mse":0.005621150601655245,"hx_psnr":25.402205525249148,"amplitud":1,"epoch":50,"hx_mse":0.00288256723433733}