{"_timestamp":1.7496895052004962e+09,"_runtime":3.2734457,"_step":0,"amplitud":1,"val_mse":0.0035684042336658387,"val_ssim":0.7760627402905115,"_wandb":{"runtime":3},"val_psnr":28.737754680445917}