{"hfx_mse":0.07899375259876251,"hx_mse":0.001844146871007979,"amplitud":0.5,"train_ssim":0.80073827841916,"val_psnr":20.74795583804693,"train_psnr":18.249172366080426,"val_mse":0.03513820096850395,"epoch":7,"train_mse":0.02246071957051754,"hx_ssim":0.8407944345814804,"_timestamp":1.7496898698692927e+09,"_step":6,"hx_psnr":27.342044273505163,"_wandb":{"runtime":164},"val_ssim":0.7013918501080448,"val_loss":0.036059328073558085,"hfx_ssim":0.3090666188937707,"hfx_psnr":11.024071996330825,"train_loss":0.02335950279874461,"_runtime":147.773628}