{"hx_mse":0.0017764302901923656,"hfx_ssim":0.9864784108698241,"train_loss":0.007305437765483346,"hx_psnr":27.50451833361288,"val_ssim":0.6154079007719545,"train_psnr":21.115385763117313,"train_mse":0.008263730444014072,"_runtime":1055.5676525,"_timestamp":1.7498380162558305e+09,"hfx_mse":0.0003011125372722745,"val_psnr":19.45942223136414,"amplitud":0.5,"hfx_psnr":35.21271214077643,"epoch":50,"val_loss":0.012702054344117641,"_step":49,"_wandb":{"runtime":1056},"val_mse":0.012167707085609436,"train_ssim":0.6931454894004269,"hx_ssim":0.897660104808535}