{"_timestamp":1.7496896970963557e+09,"_runtime":3.0656762,"_wandb":{"runtime":3},"_step":0,"amplitud":3,"val_mse":0.0066411417521251665,"val_ssim":0.6662408284690219,"val_psnr":26.807904544347252}