{"hfx_mse":0.0005350712453946471,"train_mse":0.004185424651950598,"val_ssim":0.829244328097837,"_timestamp":1.7497807082231858e+09,"val_mse":0.005411518272012472,"_wandb":{"runtime":1056},"train_ssim":0.8607971826168629,"hx_psnr":27.50451833361288,"epoch":50,"hfx_psnr":32.71588424452544,"train_psnr":24.02227965331941,"hx_ssim":0.897660104808535,"_step":49,"hfx_ssim":0.962295561320456,"train_loss":0.0012497302959673107,"amplitud":0.5,"val_loss":0.005904818729807933,"val_psnr":22.920430668787105,"_runtime":1056.4446446,"hx_mse":0.0017764302901923656}