{"train_psnr":27.0304875387534,"amplitud":0.5,"_timestamp":1.7497675317735295e+09,"_wandb":{"runtime":1039},"val_mse":0.003145458409562707,"_runtime":1020.5993617,"train_mse":0.0021138025913387537,"train_loss":0.0013761035183311573,"hx_mse":0.0017764302901923656,"hfx_ssim":0.9362011147870589,"val_psnr":25.21732593781877,"train_ssim":0.9260709942121601,"_step":46,"hfx_mse":0.0008536617970094085,"epoch":47,"val_ssim":0.8956603692760062,"hx_psnr":27.50451833361288,"val_loss":0.003754452724630634,"hfx_psnr":30.687142011363203,"hx_ssim":0.897660104808535}