{"hfx_psnr":33.28044832398725,"_wandb":{"runtime":1088},"train_mse":0.007841629907488823,"val_mse":0.009724628180265427,"val_ssim":0.685079528327191,"train_psnr":21.301992162846517,"hfx_ssim":0.9848510417326596,"hfx_mse":0.00046984563232399523,"_step":49,"hx_mse":0.0017764302901923656,"hx_ssim":0.897660104808535,"train_loss":0.004328522465324828,"_timestamp":1.7498540237593071e+09,"epoch":50,"train_ssim":0.7181949121245622,"val_loss":0.010463929424683252,"val_psnr":20.418130594213448,"hx_psnr":27.50451833361288,"amplitud":0.5,"_runtime":1087.6391926}