{"val_psnr":27.57377410999572,"_timestamp":1.749689509148759e+09,"_wandb":{"runtime":3},"_runtime":3.1545055,"_step":0,"amplitud":2,"val_mse":0.00517419892893962,"val_ssim":0.7026752617272333}