{"train_ssim":0.6386139467953679,"val_mse":0.026618078351020813,"hx_ssim":0.744772456698487,"_runtime":1052.605814,"train_mse":0.019957074895501137,"hx_mse":0.008176984265446663,"hx_psnr":20.874067878493978,"hfx_ssim":0.7937157510151032,"_timestamp":1.74977511412433e+09,"val_psnr":15.880970942031718,"amplitud":3,"val_loss":0.029795320083697636,"train_loss":0.00927098314943058,"train_psnr":17.171922712852403,"epoch":50,"_wandb":{"runtime":1053},"hfx_mse":0.006098228041082621,"_step":49,"val_ssim":0.5827607041536248,"hfx_psnr":22.147962612175085}