{"train_loss":0.0019034362131995814,"val_mse":0.0061071086674928665,"hfx_psnr":26.48005512790505,"hx_mse":0.0017764302901923656,"val_psnr":22.397074201874343,"hx_ssim":0.897660104808535,"train_psnr":22.87408337518528,"_wandb":{"runtime":598},"epoch":27,"_runtime":590.4344554,"train_mse":0.005424621049314737,"_timestamp":1.7497768190638075e+09,"_step":26,"hfx_mse":0.0022490262053906918,"hx_psnr":27.50451833361288,"hfx_ssim":0.8945062945767435,"val_ssim":0.7724043563067856,"train_ssim":0.8124149866701783,"amplitud":0.5,"val_loss":0.006081229851891597}