{"hfx_psnr":21.34403143941774,"train_mse":0.009776596911251545,"val_loss":0.006830834938834111,"_runtime":64.5671438,"hfx_mse":0.007338324561715126,"train_loss":0.012731002843273538,"hfx_ssim":0.8309451213365903,"hx_mse":0.0017764302901923656,"_timestamp":1.7496900360231583e+09,"_step":2,"val_psnr":21.76006936209413,"amplitud":0.5,"train_psnr":20.764139424236607,"hx_psnr":27.50451833361288,"val_ssim":0.7809611225760035,"val_mse":0.006687259767204523,"_wandb":{"runtime":65},"epoch":3,"train_ssim":0.8085719116160285,"hx_ssim":0.897660104808535}