{"val_mse":0.016808215528726578,"train_psnr":21.435139985379514,"hfx_psnr":32.64204785680132,"epoch":50,"_timestamp":1.7497863478766127e+09,"train_mse":0.007546686567366123,"_runtime":1072.6023235,"amplitud":0.5,"_wandb":{"runtime":1073},"val_ssim":0.5439286364060064,"hx_mse":0.0017764302901923656,"val_loss":0.01733274230112632,"hfx_ssim":0.970862276125312,"hx_ssim":0.897660104808535,"train_ssim":0.7689562331061082,"train_loss":0.00861670429419194,"hx_psnr":27.50451833361288,"_step":49,"hfx_mse":0.0005442459369078279,"val_psnr":18.027037139072707}