{"hx_psnr":27.50451833361288,"epoch":50,"val_ssim":0.8294811557479288,"_wandb":{"runtime":1081},"hfx_mse":0.00043571984861046076,"train_psnr":25.009863737322462,"train_ssim":0.8964370226215213,"_timestamp":1.7497686908802156e+09,"hfx_psnr":33.60792674865886,"_step":49,"hx_ssim":0.897660104808535,"train_mse":0.0033860320691019297,"_runtime":1080.5856205,"val_psnr":22.11915273497142,"amplitud":0.5,"train_loss":0.0009739398623683623,"val_loss":0.006985628046095371,"hfx_ssim":0.9596241034440273,"val_mse":0.006478371564298868,"hx_mse":0.0017764302901923656}