{"_timestamp":1.7497730061491482e+09,"train_psnr":21.518361078721515,"val_ssim":0.774474192356959,"val_mse":0.009194361045956612,"hfx_psnr":27.564155069860135,"train_loss":0.002802391104134066,"_wandb":{"runtime":1068},"train_ssim":0.8021297641217686,"train_mse":0.007406757213175297,"hx_mse":0.00288256723433733,"amplitud":1,"hx_psnr":25.402205525249148,"hfx_ssim":0.8682751566359849,"val_loss":0.010205890983343124,"_runtime":1068.3068206,"hfx_mse":0.0017522034468129277,"hx_ssim":0.8252783930324881,"_step":49,"epoch":50,"val_psnr":20.583418190049574}