{"hx_mse":0.0017764302901923656,"epoch":9,"hfx_ssim":0.9038365193967561,"hfx_psnr":28.987412904285005,"val_mse":0.002255703555420041,"train_mse":0.0030184227507561445,"_runtime":189.2585407,"val_ssim":0.906867368437242,"hx_psnr":27.50451833361288,"hx_ssim":0.897660104808535,"_step":8,"val_psnr":26.801240636192784,"train_psnr":25.742146797283265,"train_loss":0.0035484941243859275,"train_ssim":0.8930995632553358,"amplitud":0.5,"hfx_mse":0.0012625794624909759,"_wandb":{"runtime":199},"_timestamp":1.7497770587427137e+09,"val_loss":0.002408095907109479}