{"_step":23,"hfx_psnr":9.951522152189643,"val_psnr":10.999358896369086,"train_loss":0.13319150464875357,"train_mse":0.11971015483140945,"_timestamp":1.7500051847512205e+09,"train_psnr":9.37542248866417,"val_loss":0.0845900426308314,"hx_psnr":27.50451833361288,"train_ssim":0.48540419930126383,"amplitud":0.5,"_wandb":{"runtime":512},"val_mse":0.08086476475000381,"epoch":2,"hx_ssim":0.897660104808535,"hfx_mse":0.10112250596284866,"experiment":"cnn0_unet_wiener","_runtime":512.5438335,"hfx_ssim":0.5959925646843379,"val_ssim":0.5082924757245633,"hx_mse":0.0017764302901923656}