{"hx_ssim":0.897660104808535,"hfx_mse":0.0005099700065329671,"epoch":50,"train_loss":0.0009994394827767142,"_timestamp":1.7497475029251654e+09,"train_mse":0.003067661775276065,"amplitud":0.5,"val_ssim":0.8414430910373265,"train_psnr":25.3674057213941,"hfx_psnr":32.92455335198673,"_wandb":{"runtime":1050},"train_ssim":0.9029996683822409,"_runtime":1049.8843714,"val_loss":0.005732480902224779,"hx_psnr":27.50451833361288,"val_mse":0.005036199931055307,"val_psnr":23.20062805051967,"hfx_ssim":0.9661369069445388,"hx_mse":0.0017764302901923656,"_step":49}