{"val_psnr":28.737754680445917,"_timestamp":1.7496896892833142e+09,"_runtime":3.3592391,"_step":0,"amplitud":1,"val_mse":0.0035684042336658387,"val_ssim":0.7760627402905115,"_wandb":{"runtime":3}}