{"train_psnr":21.97435083579034,"hx_mse":0.00288256723433733,"_runtime":1059.5589103,"train_loss":0.0028357126118083087,"hx_ssim":0.8252783930324881,"_step":49,"val_ssim":0.7957245397170549,"epoch":50,"train_ssim":0.8374942063570445,"hfx_ssim":0.8643627888849205,"hfx_psnr":27.773924039609405,"hx_psnr":25.402205525249148,"val_loss":0.011143232695758343,"amplitud":1,"train_mse":0.006785854697227478,"_wandb":{"runtime":1059},"_timestamp":1.749749677337299e+09,"hfx_mse":0.0016695812810212374,"val_psnr":20.244004245892512,"val_mse":0.00990383792668581}